DROP DATABASE IF EXISTS vk;

CREATE DATABASE vk;

USE vk;

DROP TABLE IF EXISTS users;

CREATE TABLE users ( id SERIAL PRIMARY KEY,
firstname VARCHAR(50),
lastname VARCHAR(50) COMMENT 'Фамиль',
-- COMMENT на случай, если имя неочевидное
 email VARCHAR(120) UNIQUE,
phone BIGINT,
INDEX users_phone_idx(phone),
INDEX users_firstname_lastname_idx(firstname,
lastname) );



INSERT INTO `users` VALUES ('1','Lauryn','Reynolds','adonis.jakubowski@example.org','319277'),
('2','Janis','Langosh','xdickinson@example.net','1805417386'),
('3','Jared','Jacobson','kelly.mcdermott@example.com','0'),
('4','Brett','Auer','plabadie@example.net','1'),
('5','Tod','Kautzer','karina81@example.com','86'),
('6','Loraine','Deckow','margarete.mante@example.net','891'),
('7','Alden','Moore','emilio.jacobs@example.net','364417'),
('8','Valerie','Streich','reese75@example.net','1'),
('9','Faustino','Muller','fausto.bednar@example.net','157'),
('10','Marina','Mosciski','bgerlach@example.org','710'),
('11','Kayla','O\'Hara','mwalker@example.net','800405'),
('12','Flavio','Lebsack','vidal.stark@example.net','38'),
('13','Arthur','Swift','audra.block@example.com','533'),
('14','Eliezer','O\'Hara','kara21@example.org','184836'),
('15','Tyshawn','Rempel','henry.dickens@example.org','0'),
('16','Austin','Strosin','reinger.nolan@example.net','451'),
('17','Kattie','Conn','ezekiel20@example.net','312'),
('18','Jalyn','Stanton','cordell80@example.net','0'),
('19','Scotty','Ullrich','buck.howell@example.com','273915'),
('20','Eulah','Torp','benny10@example.org','841'),
('21','Sabina','Ruecker','yd\'amore@example.net','0'),
('22','Cruz','McGlynn','napoleon84@example.org','2766616637'),
('23','Lorenz','Raynor','jarret91@example.com','0'),
('24','Malachi','Stoltenberg','guy.kuhn@example.org','965621'),
('25','Humberto','Kautzer','dgerhold@example.com','250'),
('26','Antonina','Thiel','clinton70@example.com','0'),
('27','Keegan','Beahan','ekoch@example.com','505482863'),
('28','Maymie','Hegmann','victor.osinski@example.net','0'),
('29','Christ','Hyatt','janae.harber@example.com','1'),
('30','Zion','Murazik','o\'hara.griffin@example.org','0'),
('31','Ramiro','Lubowitz','pokuneva@example.org','390'),
('32','Terry','Beahan','zoie63@example.net','353583'),
('33','Adolfo','King','albertha.emard@example.net','918'),
('34','Demetrius','Denesik','evie.powlowski@example.org','65'),
('35','Elaina','Pollich','vtrantow@example.org','280'),
('36','Winfield','Kuphal','leffler.emmitt@example.net','1'),
('37','Octavia','DuBuque','june.hyatt@example.net','0'),
('38','Mariano','Auer','dgutkowski@example.org','97'),
('39','Joana','Becker','umarvin@example.org','643266'),
('40','Gaston','Hayes','wbeahan@example.com','50'),
('41','Nellie','Nader','lance.bogan@example.net','811'),
('42','Guy','Cummings','maude.hayes@example.net','1'),
('43','Cindy','Kiehn','borer.reynold@example.com','1'),
('44','Paul','McGlynn','donavon.ziemann@example.org','8105872453'),
('45','Diego','Conn','vicky00@example.net','0'),
('46','Efrain','Weissnat','olen.mraz@example.com','96'),
('47','Alexandria','Roob','benedict.senger@example.net','31'),
('48','Marietta','Sipes','vergie71@example.net','902326'),
('49','Felicita','Kilback','margaretta.schaefer@example.org','0'),
('50','Rickie','Muller','qveum@example.org','9936970742'),
('51','Mae','Rosenbaum','jonathan.sanford@example.com','0'),
('52','Sienna','Langosh','ccrist@example.net','1'),
('53','Gianni','Eichmann','crodriguez@example.com','0'),
('54','Freeda','Turcotte','rodrick.abernathy@example.com','0'),
('55','Bertrand','Boehm','crona.denis@example.com','0'),
('56','Claire','Harris','isai10@example.com','0'),
('57','Alyson','Powlowski','garrick.kassulke@example.com','156'),
('58','Berneice','Roob','russel.christy@example.org','388'),
('59','Kasey','Kshlerin','kjerde@example.com','30'),
('60','Johnpaul','Leannon','pmiller@example.com','746261'),
('61','Virgil','Ankunding','scarroll@example.com','830'),
('62','Meda','Jakubowski','idibbert@example.com','0'),
('63','Vinnie','Jacobson','neva56@example.net','61'),
('64','Lauretta','Nienow','minerva.konopelski@example.net','841299'),
('65','Kaylin','Kessler','dimitri37@example.net','0'),
('66','London','Schinner','keven.kulas@example.org','0'),
('67','Gordon','Corwin','vergie.mcglynn@example.com','0'),
('68','Alejandrin','Champlin','davis.raina@example.com','7'),
('69','Layla','Anderson','rebecca.schmitt@example.org','452606'),
('70','Mylene','Crooks','gunnar.kuvalis@example.net','0'),
('71','Delmer','Rath','taylor.oberbrunner@example.org','1'),
('72','Kathryn','Kilback','renee01@example.net','974'),
('73','Alexandria','Powlowski','ziemann.lowell@example.org','242'),
('74','Gage','Yundt','conn.angelo@example.net','53'),
('75','Jaqueline','Abernathy','tmitchell@example.org','5242956880'),
('76','Pinkie','Schulist','verda.windler@example.net','1'),
('77','Rahsaan','Roberts','sanford70@example.net','0'),
('78','Nedra','Orn','jennyfer.schmeler@example.com','258733'),
('79','Trinity','Mann','considine.clark@example.com','0'),
('80','Modesto','Parker','freeman61@example.com','1'),
('81','Bulah','Bergnaum','alta.west@example.net','0'),
('82','Payton','Bauch','delpha.o\'keefe@example.org','0'),
('83','Adonis','Feeney','tyrel.farrell@example.org','245'),
('84','Mustafa','Monahan','lebsack.johnny@example.org','1'),
('85','Dixie','Corkery','jack.hudson@example.org','1'),
('86','Wanda','Kassulke','emily.marquardt@example.com','941892'),
('87','Mervin','Hansen','yhammes@example.com','1'),
('88','Carlos','Brekke','wiegand.therese@example.org','0'),
('89','Albina','Wiegand','mccullough.cyrus@example.com','1'),
('90','Berneice','Waters','riley.mayert@example.org','265'),
('91','Else','Turner','shayne.erdman@example.com','0'),
('92','Marlee','Kshlerin','mina.reilly@example.com','0'),
('93','Gertrude','Runolfsdottir','conroy.earnest@example.com','0'),
('94','June','Crooks','tbogisich@example.com','1'),
('95','Bernadette','Bednar','estrella.greenfelder@example.net','1'),
('96','Hailie','Hane','gulgowski.jenifer@example.com','269697'),
('97','Theo','Hegmann','ima48@example.com','1'),
('98','Andreanne','Reinger','bettye77@example.org','595'),
('99','Hollie','O\'Conner','sgrant@example.com','1'),
('100','Mekhi','Wisoky','nya.dubuque@example.org','0'); 


DROP TABLE IF EXISTS `profiles`;

CREATE TABLE `profiles` ( user_id SERIAL PRIMARY KEY,
gender CHAR(1),
birthday DATE,
photo_id BIGINT UNSIGNED NULL,
created_at DATETIME DEFAULT NOW(),
hometown VARCHAR(100),
FOREIGN KEY (user_id) REFERENCES users(id) ON
UPDATE
	CASCADE ON
	DELETE
		restrict );



	
INSERT INTO `profiles` VALUES ('1','M','1995-10-01','1','1978-02-08 05:17:52','Abigaylehaven'),
('2','D','1988-02-12','2','1983-10-10 14:15:04','East Sandy'),
('3','M','1994-10-30','3','1988-06-01 12:38:51','Jovannystad'),
('4','P','1986-01-27','4','1993-05-25 16:22:17','Fisherview'),
('5','M','2004-07-20','5','2010-09-19 02:21:42','Ottischester'),
('6','M','2004-12-04','6','1981-01-13 14:18:09','Rodriguezton'),
('7','M','2013-04-24','7','1994-04-10 06:35:54','Wolfstad'),
('8','D','2014-04-11','8','1981-01-25 07:33:05','Port Georgette'),
('9','D','1981-08-05','9','1978-07-08 14:14:59','New Wendellmouth'),
('10','M','1992-10-11','10','2004-07-15 13:36:08','West Landen'),
('11','P','1994-04-22','11','1982-04-13 17:16:04','Lacystad'),
('12','M','2019-12-03','12','1998-11-07 10:19:35','Nataliachester'),
('13','M','2001-03-07','13','1989-01-26 16:34:56','Lake Hermina'),
('14','D','1999-08-28','14','1980-01-09 16:05:51','Williamsonbury'),
('15','M','1987-03-14','15','1977-04-12 04:53:33','South Weldonville'),
('16','P','1979-01-15','16','1999-12-24 01:49:31','New Cordiemouth'),
('17','P','2019-03-02','17','1978-05-12 09:03:28','Zackerybury'),
('18','P','2002-08-25','18','2006-06-09 07:35:51','Millschester'),
('19','D','1975-03-15','19','2015-08-21 04:49:44','Doylehaven'),
('20','M','2005-11-22','20','1992-10-11 21:13:14','Sibylview'),
('21','D','1997-08-11','21','1977-04-09 16:25:39','New Arden'),
('22','P','2016-03-18','22','2020-01-30 09:43:13','Geovannyville'),
('23','D','2002-05-22','23','2005-09-30 03:01:07','Cummerataborough'),
('24','P','1994-07-12','24','2003-04-08 11:46:53','South Deangelo'),
('25','P','1977-07-20','25','1995-03-11 03:28:07','Mileston'),
('26','P','2005-01-01','26','1984-10-22 21:42:42','South Brookburgh'),
('27','P','2003-02-10','27','1985-05-03 14:02:32','West Reneeside'),
('28','M','1987-06-20','28','1990-03-13 05:25:35','Port Stanleyhaven'),
('29','D','1974-12-23','29','2012-10-07 04:03:02','Dickistad'),
('30','P','2011-05-07','30','1971-01-16 18:22:19','Port Gregoriohaven'),
('31','P','2012-02-11','31','1975-03-24 01:51:32','Virginiahaven'),
('32','M','2018-02-11','32','2015-08-11 16:53:06','South Fannie'),
('33','M','1999-06-21','33','2007-10-09 00:30:51','West Cortneymouth'),
('34','M','1971-11-12','34','2004-04-06 02:12:57','Lake Bethel'),
('35','M','1988-01-07','35','1986-11-03 13:08:08','North Darius'),
('36','P','1997-01-05','36','1995-03-13 16:01:42','Port Broderickfurt'),
('37','D','1970-08-30','37','2016-04-30 03:45:33','South Hilarioview'),
('38','M','2017-03-27','38','2000-03-09 09:38:12','Francesland'),
('39','D','1998-06-26','39','2013-07-29 13:39:28','Lake Rafaela'),
('40','D','2017-04-23','40','1972-06-11 06:15:02','West Trevorton'),
('41','M','1993-05-06','41','2016-12-15 11:19:00','Harrisonshire'),
('42','M','1994-11-15','42','1987-03-07 14:17:44','Hudsonside'),
('43','M','2009-06-18','43','1987-02-04 19:26:28','East Maureenside'),
('44','M','2002-08-30','44','2004-03-27 17:17:46','Kiannaville'),
('45','D','2017-01-12','45','1988-05-02 02:50:09','Fadelstad'),
('46','M','2008-03-08','46','2005-03-15 04:42:27','New Aniyahbury'),
('47','M','2006-12-09','47','2003-02-15 11:13:22','Jolieside'),
('48','P','2013-04-20','48','1990-04-02 20:56:03','West Giovanna'),
('49','M','2006-12-01','49','2000-11-10 17:12:58','Lake Akeem'),
('50','M','1971-09-07','50','2000-11-18 21:39:43','North Kaiahaven'),
('51','M','2016-08-03','51','2003-12-06 13:38:43','Lake Cydney'),
('52','M','2017-07-16','52','1987-07-03 04:06:28','Labadieton'),
('53','P','1980-05-19','53','1988-03-17 11:35:01','New Gudrun'),
('54','M','2001-05-17','54','2016-08-17 04:19:47','West Pablofurt'),
('55','M','1982-04-08','55','2011-03-28 12:47:45','Dickinsonchester'),
('56','M','1997-10-16','56','2009-01-05 16:16:44','Rutheton'),
('57','P','2009-03-10','57','2008-05-20 10:07:09','South Verlieview'),
('58','D','1976-05-15','58','2008-01-06 04:51:05','South Bomouth'),
('59','P','2019-03-07','59','2001-11-12 22:55:05','Port D\'angelobury'),
('60','D','2016-11-20','60','1997-09-09 06:09:01','East Terrence'),
('61','P','2000-12-12','61','1985-10-20 00:33:53','East Augustafurt'),
('62','D','1984-02-05','62','1988-07-15 19:43:55','Autumnhaven'),
('63','M','1993-11-09','63','1984-02-08 19:47:47','Lebsackshire'),
('64','P','2015-07-13','64','2018-04-30 00:49:54','Emiliaport'),
('65','M','2017-01-19','65','1976-02-18 03:10:30','North Barryfurt'),
('66','P','1986-10-07','66','1989-11-24 19:15:04','Macihaven'),
('67','M','1976-04-17','67','1973-10-09 18:41:13','New Orlandofurt'),
('68','P','1993-04-10','68','1991-08-09 19:45:23','Madelynmouth'),
('69','M','2012-09-20','69','2000-03-14 20:11:23','Hintzmouth'),
('70','P','1987-06-14','70','1973-08-17 01:32:18','Gloriaville'),
('71','P','2014-08-02','71','1978-12-14 07:04:29','North Arvilla'),
('72','D','2016-10-12','72','1986-01-19 06:23:55','North Fiona'),
('73','M','1975-12-31','73','1992-08-08 07:57:42','Russburgh'),
('74','D','2005-02-23','74','1972-01-03 20:56:52','Lynnshire'),
('75','M','1985-04-30','75','1974-06-03 02:23:24','Rethaborough'),
('76','P','2018-04-09','76','2008-04-16 22:20:07','New Waino'),
('77','D','1981-09-06','77','1979-08-31 06:42:04','South Dedric'),
('78','M','1988-09-12','78','1981-08-07 06:32:52','South Odie'),
('79','M','2011-10-26','79','1974-02-15 01:30:07','Oberbrunnermouth'),
('80','M','2014-04-09','80','2011-08-01 18:59:27','Wilhelmbury'),
('81','P','1988-07-29','81','2005-10-09 18:42:49','Heathcoteberg'),
('82','M','2012-08-11','82','1975-02-10 10:59:18','Welchstad'),
('83','M','2012-07-14','83','2018-07-31 12:41:25','West Maddisonbury'),
('84','M','2018-05-22','84','2009-06-22 21:48:48','East Kenny'),
('85','P','1984-12-13','85','2004-08-25 08:18:56','Humbertoberg'),
('86','P','1984-09-12','86','1986-11-27 14:14:27','Kevonton'),
('87','P','1983-05-13','87','2016-12-23 16:50:15','Leuschkemouth'),
('88','D','1971-03-17','88','1971-09-01 13:02:26','Hilmashire'),
('89','M','2005-02-07','89','1982-05-06 20:55:02','New Henriette'),
('90','D','1998-04-03','90','2013-08-06 07:20:39','Labadieport'),
('91','P','1990-09-09','91','2015-01-27 23:35:40','Port Parker'),
('92','D','2010-12-30','92','2014-07-19 06:27:52','Oleview'),
('93','P','1973-03-11','93','1997-11-09 08:10:37','South Lori'),
('94','P','1990-02-06','94','2000-01-07 09:55:24','Preciousville'),
('95','D','1974-12-10','95','2014-02-28 07:26:29','Aaliyahburgh'),
('96','P','1991-11-20','96','2003-09-11 22:20:04','Lake Gabriel'),
('97','P','2012-06-04','97','1977-01-18 22:08:43','North Karleemouth'),
('98','D','1980-05-07','98','2005-11-07 02:42:53','Arelytown'),
('99','D','1990-11-21','99','2009-11-14 22:25:39','Lake Sallie'),
('100','M','1995-09-10','100','1980-01-02 04:46:50','North Terrenceside'); 

	
DROP TABLE IF EXISTS messages;

CREATE TABLE messages ( id SERIAL PRIMARY KEY,
from_user_id BIGINT UNSIGNED NOT NULL,
to_user_id BIGINT UNSIGNED NOT NULL,
body TEXT,
created_at DATETIME DEFAULT NOW(),
-- можно будет даже не упоминать это поле при вставке
 INDEX messages_from_user_id (from_user_id),
INDEX messages_to_user_id (to_user_id),
FOREIGN KEY (from_user_id) REFERENCES users(id),
FOREIGN KEY (to_user_id) REFERENCES users(id) );





INSERT INTO `messages` VALUES ('1','1','1','Aut in repellat molestiae sed nihil in aperiam. Qui repudiandae et dolores vel sapiente sit. Ipsum libero alias iure fugiat voluptatibus nam. Non veritatis ipsum est provident consectetur facere ut.','2023-05-23 05:16:34'),
('2','2','2','Temporibus facere dolore eaque nam deserunt. Et voluptatem voluptatem eaque. Repellat qui animi id modi fugiat. Esse accusamus est quas.','2008-04-11 21:39:47'),
('3','3','3','Sed magni dolor ut. Voluptatem itaque sit quidem doloremque. Doloremque vitae repellendus similique consequatur accusantium facilis distinctio.','1979-04-27 04:07:08'),
('4','4','4','Quas facere voluptates ut non similique. Inventore illum adipisci asperiores ducimus maiores nobis et. Exercitationem nemo quia accusantium aspernatur. Maiores voluptatem odit porro illum non repellat.','2013-12-09 07:33:51'),
('5','5','5','Cum tenetur commodi necessitatibus magni sequi. Est dolore doloribus ullam qui at et suscipit. Possimus perspiciatis eius dolorem deserunt hic ipsum. Quis ex ut aut.','2011-09-25 07:58:45'),
('6','6','6','Non doloribus autem minus architecto quos quo eaque. Corrupti maxime error dolore non. Accusantium cumque rerum est quis. Eius voluptatem sed explicabo aliquid et deleniti dolore. Sunt rerum sed sit ipsum.','1973-09-10 22:45:48'),
('7','7','7','Ea pariatur reprehenderit veniam reiciendis. Et dolore inventore atque voluptate id commodi esse. Sed velit praesentium delectus voluptas fugit.','2018-01-18 06:06:35'),
('8','8','8','Sed temporibus voluptatum aliquid placeat officiis numquam consequatur blanditiis. Velit possimus nihil natus sit aut dolore praesentium. Ut totam amet magnam excepturi. Eveniet architecto reiciendis facere numquam ducimus.','2014-01-31 08:25:12'),
('9','9','9','Officia aut sint rerum sit rerum aperiam. Ad veritatis quia quasi ratione eos.','2025-02-06 01:34:59'),
('10','10','10','Numquam vero eos temporibus voluptate sunt atque. Rerum enim non dicta odit. Porro repellat quia veniam ipsum aspernatur. Tenetur mollitia rerum ullam dolor aut. Mollitia cupiditate vero dolorum aut libero maiores et eligendi.','2018-10-02 10:58:44'),
('11','11','11','Id voluptas sit esse ut eaque quisquam. Nam aut nisi fugiat suscipit. Hic vel nihil perspiciatis quaerat quas ipsum enim molestias. Quas eos nam soluta asperiores. Suscipit facere possimus neque repellendus eveniet cumque illo.','2004-09-04 05:30:29'),
('12','12','12','Ratione ipsa nihil perspiciatis aut rerum error suscipit. Sunt quia sequi corrupti sed aut exercitationem voluptatem facere. Sit qui ut sapiente explicabo cumque ducimus voluptatem numquam. Facere praesentium repellat rerum aut commodi delectus quo. Et sunt sapiente sapiente quaerat inventore et.','1998-10-30 19:18:07'),
('13','13','13','Porro et amet reprehenderit dolor sint in nihil. Rerum excepturi exercitationem eum laboriosam ut. Aut aut est debitis molestiae ut eos. Provident enim tempore nihil cum quaerat doloribus.','1995-05-07 08:02:28'),
('14','14','14','Autem laudantium temporibus natus quis. Sunt sit esse excepturi repellendus. Velit rerum facilis non.','2014-12-22 11:23:48'),
('15','15','15','Nostrum cum sequi voluptates perspiciatis temporibus unde et. Ut iste maxime sunt hic et. Minus labore quod ut voluptatem sit sit. Dicta est possimus pariatur ipsa.','2003-06-07 08:38:08'),
('16','16','16','Suscipit facilis occaecati necessitatibus facere repellat ut quis beatae. Placeat itaque voluptatem fugiat minus minima dolorum. Ut eum ducimus voluptatem voluptates.','1980-09-09 16:36:28'),
('17','17','17','Consequatur est quibusdam vitae quo quia explicabo. Sunt nostrum consequatur saepe necessitatibus.','1978-09-25 20:38:34'),
('18','18','18','Nostrum ex et deleniti. Nam sunt ipsa vel necessitatibus laborum ea.','1972-09-01 16:09:09'),
('19','19','19','Nihil ratione delectus quia numquam. Architecto eos sapiente repudiandae consectetur voluptates non voluptas. Veniam quia mollitia et illo quis et fuga.','1976-07-30 16:16:42'),
('20','20','20','Velit iusto et adipisci eius autem. Et quaerat nemo placeat quia ut enim dolor et. Tenetur sint autem temporibus quas. Tenetur qui voluptatum dolores et magnam nisi quam.','1989-06-07 08:31:56'),
('21','21','21','Quam sit iure voluptate error. Aliquam pariatur ut nam ullam commodi veniam.','2021-11-11 10:00:51'),
('22','22','22','Amet eligendi minus velit ut in. Inventore molestiae corrupti ullam fugiat quae provident magnam dignissimos. Molestias illum porro qui officiis facilis quasi rem voluptas. Corporis culpa voluptas beatae ipsa aut repellat maxime cupiditate.','1980-05-01 23:30:54'),
('23','23','23','Vel aperiam dolor vel ut accusantium ad. Vel qui esse repellat. Quibusdam et dolorem iusto impedit nobis. Culpa quia quaerat modi omnis aperiam dolores dolor molestiae.','1983-08-15 09:38:26'),
('24','24','24','Qui cumque animi perferendis ut commodi dicta vitae. Et totam harum tempore voluptate debitis. Ut qui illum qui quia.','1974-07-20 03:32:25'),
('25','25','25','Doloremque repudiandae in repellat provident. Totam aut illum voluptas ex quo voluptatibus. Deleniti libero ut ut ullam.','1971-10-01 05:17:15'),
('26','26','26','Laborum nihil eum facilis dolorem earum et quaerat. Velit quia iure accusantium ullam. Eaque praesentium non voluptatibus sequi harum qui exercitationem facere. Consequatur molestiae veniam qui natus.','1974-05-25 12:47:04'),
('27','27','27','Odio est autem quae omnis incidunt pariatur illum. Voluptatem eum autem neque eius omnis molestiae. Suscipit quae doloremque et a qui iure. Sapiente ea minima id animi sint voluptas.','1991-10-07 17:35:24'),
('28','28','28','Ea consequatur sequi occaecati. Enim cum consequatur autem quia consequuntur. Vel aut aperiam quidem repellat. Excepturi illo nobis et voluptatem et.','1984-12-30 02:05:13'),
('29','29','29','Sequi est similique deserunt delectus. Possimus cumque harum voluptas quis. Aut aliquid voluptatem dolores ut. Impedit vero quia recusandae.','1980-03-29 07:54:22'),
('30','30','30','Corporis et aliquid sunt. Numquam modi et expedita officiis. Est est illo ex quis dicta.','2018-09-29 13:00:22'),
('31','31','31','Nam distinctio nisi quidem autem dolor quae accusantium. Quo iste earum voluptas. Sit dolorem vel vel ipsam ratione.','1984-07-11 20:52:39'),
('32','32','32','Libero atque ut id doloribus vitae. Est facere sint repellat qui quia ducimus aut exercitationem. Est mollitia eum et. Sunt deserunt non rerum facilis fugit voluptatibus rem. Vel atque vel dolore.','1975-10-06 11:03:41'),
('33','33','33','Quo veritatis sed ea. Maiores magni modi sit aliquid architecto hic esse.','2010-07-11 01:35:31'),
('34','34','34','Rerum quam sed ipsam ut dignissimos et culpa. Eos libero nisi eos cupiditate architecto a veniam. Aut aut velit ut. Omnis consequuntur adipisci ratione quis voluptates et rem.','2004-10-01 14:57:12'),
('35','35','35','Vel et aspernatur reprehenderit sint consequatur aliquid. Eaque quis minus sit delectus nihil. Aut eos aut tempore autem qui.','1982-08-08 12:39:29'),
('36','36','36','Ut accusamus ut excepturi est. Nobis ratione est dolorem laudantium doloribus consequuntur. Quasi illo et magnam quaerat et. Sequi impedit et aliquid.','2009-09-21 22:38:52'),
('37','37','37','Nihil quaerat autem iusto harum sit. Vel rerum voluptates error id autem. Hic quia et dolorem est.','2009-06-03 20:55:44'),
('38','38','38','Rerum dicta quia reprehenderit. Omnis sapiente ipsa sit recusandae quia perspiciatis. Labore dicta libero mollitia ducimus.','2003-02-17 23:11:13'),
('39','39','39','In est ut nesciunt possimus iusto. Quasi quia eos doloremque. Ducimus accusantium nobis optio impedit facilis. Et ea et facere quisquam rerum sit.','1971-11-22 13:35:00'),
('40','40','40','Impedit qui tenetur unde quo voluptatem. Eveniet quo corporis eaque soluta quidem commodi nihil. Amet dignissimos reiciendis quas natus. Qui doloremque minus alias laboriosam ex est.','1993-03-08 01:33:14'),
('41','41','41','Dolor nisi quia rerum incidunt ut magnam aut. Consequatur similique possimus sed nam delectus ea ut. At dignissimos animi sunt fuga quis debitis expedita.','2002-03-03 11:41:48'),
('42','42','42','Commodi dolore reprehenderit alias repudiandae quia qui non. Molestiae expedita quos voluptatem necessitatibus expedita qui ut. Odit aperiam unde nihil praesentium reprehenderit explicabo.','1988-08-18 08:19:11'),
('43','43','43','Cumque suscipit quae dolores ex ut veniam facilis ratione. Reprehenderit velit in doloribus impedit debitis. Assumenda quia exercitationem soluta aliquid.','2007-11-07 23:50:31'),
('44','44','44','Qui veritatis beatae est voluptatem omnis voluptatibus asperiores. Est et sit et enim fugiat. Explicabo exercitationem enim voluptate a possimus. Unde et sed autem quos quia eveniet.','2003-10-18 01:48:11'),
('45','45','45','Et odio ipsa odio unde. Laudantium reiciendis incidunt sapiente. Itaque a odio et aut.','2017-07-08 19:50:11'),
('46','46','46','Assumenda earum voluptatem blanditiis quam non quod repellat. Hic dolor facilis enim minima at labore sequi eaque. Distinctio quia voluptate voluptatem molestiae magni ut. Eaque et quod est aut. Error repellat cupiditate maxime quia et dolore.','1999-01-12 08:29:49'),
('47','47','47','Fugit placeat similique aut quia qui eius qui in. Totam aperiam voluptate cum facere aut quia. Dolorem commodi omnis voluptatibus.','1994-12-08 01:43:19'),
('48','48','48','Aut et sapiente sint quaerat. Ab amet voluptas consequatur illo consequatur voluptatem.','2010-07-27 19:21:34'),
('49','49','49','Dolorem voluptatem ut nihil voluptatem omnis. Excepturi eum accusantium sapiente ratione perferendis provident.','1986-12-07 08:47:28'),
('50','50','50','Ullam numquam enim aspernatur nesciunt voluptas. Aut quia esse aut est. Quasi temporibus et quia sunt sapiente corporis.','2008-03-10 10:51:38'),
('51','51','51','A modi qui exercitationem odit aspernatur facilis est sint. Quaerat voluptatibus distinctio quo dignissimos asperiores dolorem. Quaerat necessitatibus quia quia ad ex.','1979-08-18 12:19:25'),
('52','52','52','Harum dolorem eum quod tenetur ratione. Voluptatibus qui corrupti debitis et.','2013-02-01 06:46:07'),
('53','53','53','Quia dolorem ut in saepe et voluptatum. Ab quidem voluptatem et sint ipsam enim laborum. Aperiam vitae ut dolores harum illo dolorem. Assumenda quis incidunt dolorum et.','2005-03-04 22:05:01'),
('54','54','54','Blanditiis esse minus et odio eum ex vitae. Et voluptatem in qui est magnam vero labore. Aut expedita asperiores et dolorem velit.','2017-11-08 06:59:51'),
('55','55','55','Sed id et similique nesciunt nesciunt consequatur deserunt molestias. Omnis neque qui officiis ea. Modi dolores consequuntur inventore assumenda. Fuga ut non error mollitia esse placeat in error.','1987-08-24 12:10:27'),
('56','56','56','Neque id reprehenderit eligendi qui sit quibusdam. Exercitationem consequuntur expedita a necessitatibus eligendi quis itaque cum.','1985-03-04 20:26:52'),
('57','57','57','Rerum hic numquam qui facere ad. Vero ipsam quia minus et soluta. Sed ratione quia debitis molestiae voluptatum sit.','1985-11-29 08:53:29'),
('58','58','58','Autem non officia et vero non. Possimus perspiciatis voluptas vel ratione eos beatae. Nostrum eum corrupti nesciunt nihil. Accusamus libero libero reiciendis harum.','1988-07-18 09:55:34'),
('59','59','59','Inventore sed ducimus magnam cumque. Sed temporibus ab delectus modi facere. Est impedit quo voluptates qui.','2002-08-12 21:26:01'),
('60','60','60','Dicta optio inventore aut. Quisquam voluptatibus id modi soluta et ex. Corporis ullam consectetur est dolorem consequatur voluptas.','1977-08-14 06:35:53'),
('61','61','61','Placeat beatae praesentium voluptas adipisci expedita exercitationem. Rerum dolores placeat modi. Aut tempora quos consequuntur dolorem ipsam. Alias repellat autem labore excepturi provident reiciendis.','1980-02-11 03:03:29'),
('62','62','62','Iusto beatae commodi qui minima nostrum quam. Modi necessitatibus aut vero cumque id sunt. Voluptatem temporibus occaecati voluptatem facere praesentium soluta laborum eos. Nam omnis laboriosam eius et.','1972-09-16 17:31:53'),
('63','63','63','Delectus harum sunt aliquid aperiam perferendis. In deserunt est sit sed quia. Voluptatem voluptatem placeat amet qui voluptate.','2018-07-29 06:19:14'),
('64','64','64','Praesentium exercitationem eligendi voluptatum provident quibusdam cumque excepturi fuga. Corporis enim nobis non quod. Est ut veritatis aspernatur dolores quia. Corporis placeat debitis iusto ipsum sed.','1987-08-20 02:36:06'),
('65','65','65','Aliquid et voluptatem eaque cupiditate. Ut rerum repellat enim aliquam. Omnis officiis quasi excepturi velit. Qui rerum qui magni qui itaque exercitationem distinctio. Et officia sunt delectus amet.','2006-09-11 02:48:27'),
('66','66','66','Est facere quas laudantium animi sint consectetur architecto. Reiciendis voluptas consequatur eligendi hic id voluptas. Magni maxime facere ipsam. Expedita quae est vitae est fugiat.','2016-05-11 22:50:59'),
('67','67','67','Deleniti provident ratione esse est possimus quibusdam quis nostrum. Blanditiis perferendis ut tempore iusto earum. Molestiae mollitia vitae nostrum voluptatem qui adipisci quidem.','2006-03-17 01:46:24'),
('68','68','68','Dolores sed sit voluptates nobis quidem sint ipsam. Enim quia similique non voluptatem et consequatur dignissimos perferendis. Harum voluptas aliquid quos corrupti possimus ut. Nemo sit quod voluptatibus natus iste neque.','2001-01-02 03:28:57'),
('69','69','69','Aut dignissimos nostrum accusamus ea maxime in. Ab dolore eos commodi amet earum minus aut. Occaecati non sed quis deserunt odit expedita consequatur. Illum dolores pariatur repudiandae aliquam unde in.','1990-10-13 14:59:44'),
('70','70','70','Nobis tempora rerum iste natus reiciendis et vel magnam. Enim deserunt dolorem alias blanditiis sapiente expedita aperiam. Aut dolorem a quos non. Numquam sed corrupti explicabo et dolores est et nostrum. Nostrum consequatur voluptatum qui beatae.','2008-03-08 14:58:18'),
('71','71','71','Eveniet nihil aliquam atque ipsa nesciunt quod rerum. Possimus possimus et assumenda in dolorum nemo. Eligendi earum ut deleniti neque nesciunt excepturi.','1990-04-19 04:57:37'),
('72','72','72','Quibusdam explicabo eius dicta ex quia qui. Reiciendis voluptatum ea vitae quod et aut. Distinctio aperiam assumenda aut sint qui in dolores. Deserunt ut tempore repellendus odio temporibus et.','1987-03-31 09:34:28'),
('73','73','73','Enim ullam ad reprehenderit et. Tenetur in iure cum dolor aliquid laudantium et. Similique consequuntur corporis quisquam voluptas. In distinctio blanditiis occaecati occaecati consequuntur omnis. Occaecati sit ipsa sunt optio.','1991-10-03 21:19:40'),
('74','74','74','Quasi temporibus nesciunt et esse tenetur vero et. Veniam ducimus eum aperiam reprehenderit maxime quis perspiciatis. Consequatur quasi eaque dolores eligendi officiis praesentium commodi. Sint sapiente eius libero facere aut.','1978-11-25 13:12:24'),
('75','75','75','Laborum similique laudantium eum mollitia. Et voluptatibus consequatur occaecati eveniet iste cupiditate aut veritatis. Aliquam eius delectus et maiores sit repellendus. Quos eligendi quam nihil enim quia in. Itaque error quasi quisquam ab qui.','1976-07-14 13:24:51'),
('76','76','76','Ipsa accusamus saepe accusantium iste optio sint. Id qui perferendis sit occaecati. Veniam sed error ut. Quo vel nam similique est enim ut.','1997-08-15 10:17:00'),
('77','77','77','Aut perferendis possimus aperiam earum. Et facilis neque occaecati vel dolores molestiae. Nobis voluptatum est doloribus recusandae aut nisi voluptatibus.','2007-02-12 07:47:56'),
('78','78','78','Sunt autem eos eaque ut harum. Id quam consequatur autem eveniet quia fuga dolorem. Iste explicabo occaecati quia labore.','2006-11-30 15:44:48'),
('79','79','79','Tempora eos repellat perspiciatis sapiente animi. Quibusdam voluptatem quos ipsum. Hic explicabo nisi tenetur repellendus recusandae. Qui dolorum praesentium quisquam voluptatem.','2014-08-20 06:59:38'),
('80','80','80','Dolores voluptas et accusamus voluptatem. Et nam dolores voluptatem et unde dolorum ea. Qui et est voluptas facilis. Saepe quia rerum ratione tempore officia.','1975-06-01 10:02:57'),
('81','81','81','Dolorum in qui corrupti repudiandae in qui. Eius quasi eligendi cumque ullam distinctio quos. Et rerum fuga voluptatem suscipit praesentium sit repellendus quia. Ipsa quibusdam esse sunt sequi error.','2010-12-18 11:36:39'),
('82','82','82','Hic animi est fuga animi autem. Atque quod tempore sint quia sit. Culpa eos rerum magnam sed est sunt. Sed rem soluta eum est.','2018-06-22 03:10:08'),
('83','83','83','Qui sit non dolores eaque neque esse. Incidunt voluptas mollitia nostrum hic qui. Et nostrum totam voluptates ut. Eligendi pariatur dolor non velit molestias aut. Sed est consequatur sequi nemo.','2015-04-13 21:30:59'),
('84','84','84','Non praesentium aut ipsa sit. Ut sint similique doloremque non eaque esse dicta. Ut alias culpa cum. Omnis id numquam doloribus.','1994-12-09 17:21:51'),
('85','85','85','Ea facere soluta dolorem inventore qui expedita. Accusantium soluta et non. Illum porro maxime saepe rerum dolorem.','1993-05-07 21:07:05'),
('86','86','86','Ipsum dignissimos et molestiae ratione. Aut similique qui ipsa. Sapiente id quae ab est ut voluptatem quisquam. Aliquam velit voluptas dignissimos nostrum maxime alias.','2004-11-03 21:42:45'),
('87','87','87','Qui repellat qui corporis amet culpa est sit dolores. Dolor et commodi a quia magnam repellendus laudantium. A assumenda consequatur id.','2017-02-11 15:11:41'),
('88','88','88','Corporis perspiciatis ex quo soluta. Quam quas odit eos itaque minus. Recusandae animi aut porro velit ipsam occaecati. Sed in sint accusantium aut.','2002-01-12 17:26:32'),
('89','89','89','Id aliquid accusantium dignissimos omnis recusandae quia assumenda. Maiores nisi voluptatem culpa est. Vero ad eius molestiae numquam. Porro quidem consectetur quisquam minus eum quasi inventore.','2019-12-25 21:32:06'),
('90','90','90','Autem corrupti eos vitae occaecati asperiores quis. Quia iure aut eum voluptatem est rem. Debitis repudiandae nam minus quidem quis quia distinctio.','1990-02-07 22:53:42'),
('91','91','91','Qui velit et maxime quaerat neque. Voluptatum temporibus et totam animi. Quam qui et excepturi et.','1987-06-17 20:49:12'),
('92','92','92','Cumque rerum quia quia omnis perferendis est in aliquam. Corrupti praesentium harum soluta officia. Accusantium sunt optio animi quod velit placeat. Velit autem sed animi voluptatem.','1994-01-15 07:12:06'),
('93','93','93','Corrupti et ad asperiores ut ut voluptatum. Reprehenderit dolores placeat vero eos illum. Tempora dolores ut nemo minima occaecati sed dolor.','2012-03-10 22:35:48'),
('94','94','94','Aliquid non accusantium odio suscipit. Et itaque alias perferendis eius tenetur tempora inventore. Est nihil cumque est consequatur. Praesentium a asperiores expedita voluptas recusandae sint.','2002-02-19 15:49:54'),
('95','95','95','Molestiae aut et nulla dolore tempore beatae aspernatur. Hic ut officiis numquam similique nisi ut et repellendus. Omnis fugiat neque doloremque quia itaque ex. Labore ea quia quo.','1997-05-21 20:39:54'),
('96','96','96','Voluptatem cumque exercitationem autem animi rerum. Occaecati quo omnis accusamus ut. Earum minima iste minima consequuntur qui vel.','1972-04-16 01:59:29'),
('97','97','97','Quo omnis ut ducimus hic. Et nihil totam cum magni. Quisquam sunt repellat alias veritatis quam. Consequatur possimus velit sunt blanditiis laborum aspernatur inventore.','2004-07-29 14:57:08'),
('98','98','98','Et inventore laboriosam laborum. Sequi culpa ut vel amet totam omnis dolorem sed. Accusantium consectetur autem a autem iusto architecto. Ut dolor mollitia dolorum error perferendis quam.','2012-07-10 20:02:43'),
('99','99','99','Sed voluptas non quia consequuntur quaerat. Voluptatem nihil omnis sit et ut sit minima. Numquam recusandae dolores occaecati. Non rerum est cumque veritatis vitae ea ipsam voluptate.','1973-08-18 02:33:41'),
('100','100','100','Facilis voluptatum et ratione id magni iure nisi. Dolor optio dolore temporibus ut labore nisi reiciendis. Tempora ea sint minus repudiandae recusandae et. Voluptatem illum magni nihil sed animi.','2005-04-03 02:37:17'); 




DROP TABLE IF EXISTS friend_requests;

CREATE TABLE friend_requests (
-- id SERIAL PRIMARY KEY, -- изменили на композитный ключ (initiator_user_id, target_user_id)
 initiator_user_id BIGINT UNSIGNED NOT NULL,
target_user_id BIGINT UNSIGNED NOT NULL,
`status` ENUM('requested',
'approved',
'unfriended',
'declined'),
requested_at DATETIME DEFAULT NOW(),
confirmed_at DATETIME,
PRIMARY KEY (initiator_user_id,
target_user_id),
INDEX (initiator_user_id),
-- потому что обычно будем искать друзей конкретного пользователя
 INDEX (target_user_id),
FOREIGN KEY (initiator_user_id) REFERENCES users(id),
FOREIGN KEY (target_user_id) REFERENCES users(id) );


INSERT INTO `friend_requests` VALUES ('1','1','approved','2003-11-14 02:25:03','1991-10-20 16:07:52'),
('2','2','requested','1981-01-17 04:21:28','1996-12-04 07:23:21'),
('3','3','requested','1979-04-01 15:53:47','1998-01-19 20:34:28'),
('4','4','declined','2013-01-29 01:10:44','2000-07-16 21:27:01'),
('5','5','approved','1988-10-17 03:24:27','2007-02-16 16:09:57'),
('6','6','unfriended','1978-03-01 23:28:40','2003-02-25 08:00:09'),
('7','7','requested','1999-03-03 14:38:58','2009-12-08 14:23:42'),
('8','8','approved','1997-12-22 10:50:14','1997-11-15 03:53:29'),
('9','9','declined','1982-02-19 22:37:46','2009-11-04 08:21:28'),
('10','10','requested','1994-10-06 14:00:44','2020-01-06 11:29:14'); 



DROP TABLE IF EXISTS communities;

CREATE TABLE communities( id SERIAL PRIMARY KEY,
name VARCHAR(150),
INDEX communities_name_idx(name) );

DROP TABLE IF EXISTS users_communities;

INSERT INTO `communities` VALUES ('67','accusantium'),
('57','amet'),
('65','amet'),
('79','animi'),
('59','asperiores'),
('54','at'),
('77','atque'),
('93','commodi'),
('32','consectetur'),
('87','corporis'),
('61','cupiditate'),
('76','cupiditate'),
('90','debitis'),
('66','delectus'),
('4','deleniti'),
('21','dolor'),
('58','dolor'),
('22','dolorem'),
('10','doloremque'),
('52','doloremque'),
('15','dolores'),
('64','dolores'),
('92','dolorum'),
('12','ducimus'),
('36','ducimus'),
('8','ea'),
('94','ea'),
('44','earum'),
('42','eligendi'),
('38','enim'),
('25','est'),
('35','est'),
('68','est'),
('1','et'),
('63','et'),
('97','eum'),
('28','eveniet'),
('29','exercitationem'),
('5','facere'),
('69','fuga'),
('3','harum'),
('41','hic'),
('89','illum'),
('11','in'),
('34','ipsa'),
('85','laborum'),
('99','libero'),
('30','magni'),
('62','magni'),
('45','maiores'),
('43','molestiae'),
('14','molestias'),
('18','necessitatibus'),
('23','nesciunt'),
('9','nobis'),
('2','non'),
('31','non'),
('24','nulla'),
('40','nulla'),
('48','occaecati'),
('37','odit'),
('16','omnis'),
('100','pariatur'),
('71','perferendis'),
('26','perspiciatis'),
('39','possimus'),
('13','quas'),
('55','quas'),
('50','qui'),
('60','qui'),
('72','qui'),
('19','quia'),
('47','quia'),
('74','quia'),
('91','quidem'),
('98','quis'),
('17','repellat'),
('70','repellendus'),
('6','rerum'),
('33','rerum'),
('51','rerum'),
('80','sed'),
('27','similique'),
('49','similique'),
('88','sint'),
('96','sint'),
('84','sit'),
('20','sunt'),
('86','sunt'),
('73','totam'),
('83','unde'),
('7','ut'),
('75','ut'),
('95','velit'),
('46','vitae'),
('53','vitae'),
('81','voluptas'),
('56','voluptatem'),
('78','voluptatum'),
('82','voluptatum'); 



CREATE TABLE users_communities( user_id BIGINT UNSIGNED NOT NULL,
community_id BIGINT UNSIGNED NOT NULL,
PRIMARY KEY (user_id,
community_id),
-- чтобы не было 2 записей о пользователе и сообществе
 FOREIGN KEY (user_id) REFERENCES users(id),
FOREIGN KEY (community_id) REFERENCES communities(id) );


INSERT INTO `users_communities` VALUES ('1','1'),
('2','2'),
('3','3'),
('4','4'),
('5','5'),
('6','6'),
('7','7'),
('8','8'),
('9','9'),
('10','10'),
('11','11'),
('12','12'),
('13','13'),
('14','14'),
('15','15'),
('16','16'),
('17','17'),
('18','18'),
('19','19'),
('20','20'),
('21','21'),
('22','22'),
('23','23'),
('24','24'),
('25','25'),
('26','26'),
('27','27'),
('28','28'),
('29','29'),
('30','30'),
('31','31'),
('32','32'),
('33','33'),
('34','34'),
('35','35'),
('36','36'),
('37','37'),
('38','38'),
('39','39'),
('40','40'),
('41','41'),
('42','42'),
('43','43'),
('44','44'),
('45','45'),
('46','46'),
('47','47'),
('48','48'),
('49','49'),
('50','50'),
('51','51'),
('52','52'),
('53','53'),
('54','54'),
('55','55'),
('56','56'),
('57','57'),
('58','58'),
('59','59'),
('60','60'),
('61','61'),
('62','62'),
('63','63'),
('64','64'),
('65','65'),
('66','66'),
('67','67'),
('68','68'),
('69','69'),
('70','70'),
('71','71'),
('72','72'),
('73','73'),
('74','74'),
('75','75'),
('76','76'),
('77','77'),
('78','78'),
('79','79'),
('80','80'),
('81','81'),
('82','82'),
('83','83'),
('84','84'),
('85','85'),
('86','86'),
('87','87'),
('88','88'),
('89','89'),
('90','90'),
('91','91'),
('92','92'),
('93','93'),
('94','94'),
('95','95'),
('96','96'),
('97','97'),
('98','98'),
('99','99'),
('100','100'); 



DROP TABLE IF EXISTS media_types;

CREATE TABLE media_types( id SERIAL PRIMARY KEY,
name VARCHAR(255),
created_at DATETIME DEFAULT NOW(),
updated_at DATETIME DEFAULT CURRENT_TIMESTAMP ON
UPDATE
	CURRENT_TIMESTAMP );


INSERT INTO `media_types` VALUES ('1','vel','1993-06-20 03:12:51','1994-07-09 07:20:15'),
('2','pariatur','2007-11-10 10:41:31','1985-12-14 21:49:53'),
('3','sunt','1994-02-10 01:46:11','1983-12-08 10:48:19'),
('4','et','1999-07-22 07:05:31','2010-05-23 17:19:29'),
('5','incidunt','2016-09-05 19:03:50','1988-10-03 12:28:13'),
('6','iure','1981-06-17 09:07:49','1998-12-24 21:35:23'),
('7','corrupti','1979-02-11 15:31:50','2004-03-23 20:15:08'),
('8','nam','1988-01-23 15:15:56','1984-11-27 16:10:41'),
('9','non','2002-07-06 08:43:41','2015-03-08 03:15:53'),
('10','est','1972-03-16 00:25:19','2019-11-17 03:29:54'); 


DROP TABLE IF EXISTS media;

CREATE TABLE media( id SERIAL PRIMARY KEY,
media_type_id BIGINT UNSIGNED NOT NULL,
user_id BIGINT UNSIGNED NOT NULL,
body text,
filename VARCHAR(255),
size INT,
metadata JSON,
created_at DATETIME DEFAULT NOW(),
updated_at DATETIME DEFAULT CURRENT_TIMESTAMP ON
UPDATE
	CURRENT_TIMESTAMP,
	INDEX (user_id),
	FOREIGN KEY (user_id) REFERENCES users(id),
	FOREIGN KEY (media_type_id) REFERENCES media_types(id) );


INSERT INTO `media` VALUES ('1','1','1','Ratione culpa facere praesentium ipsam quaerat. Enim possimus nulla et laudantium. Temporibus id quasi fuga explicabo. Velit esse rerum dolores aut voluptas eum.','enim','893194495',NULL,'2018-10-16 08:25:20','2005-09-06 10:31:56'),
('2','2','2','Rerum et ipsam eligendi rem ut animi quia. Totam laudantium est exercitationem. Maiores officia molestias sunt est laboriosam reiciendis.','sequi','69',NULL,'1989-02-17 21:27:34','2016-10-27 00:26:11'),
('3','3','3','Voluptates iure consequuntur necessitatibus enim error sit qui. Velit unde et sunt fugiat et pariatur rerum.','eligendi','8859',NULL,'1974-11-14 19:45:44','2001-05-04 06:31:48'),
('4','4','4','Laboriosam eveniet neque quaerat maiores non accusamus voluptatum provident. Quis nemo voluptate ab omnis sed. Ratione voluptatem delectus repellendus qui. Voluptas facere voluptate quia aliquam recusandae numquam.','nihil','820240',NULL,'1979-12-03 10:07:36','2011-07-06 04:24:00'),
('5','5','5','Non optio aliquam qui asperiores praesentium est. Quidem ut veniam qui hic vero. Repudiandae saepe qui animi velit.','quos','11429',NULL,'2000-12-23 13:35:20','1984-03-26 21:26:28'),
('6','6','6','Recusandae velit fugiat sit et accusantium quidem eaque. Animi quia asperiores quae recusandae vel corrupti libero. Ab voluptas voluptates sit voluptatibus sed in ut. Repudiandae voluptatibus temporibus ducimus est esse.','voluptatem','587237',NULL,'1977-04-22 15:14:30','1997-12-30 02:27:14'),
('7','7','7','Perferendis deleniti non dolorem omnis. Recusandae fugit eaque sapiente ut odit impedit veritatis.','exercitationem','95',NULL,'2007-03-08 12:41:42','2007-01-08 13:29:20'),
('8','8','8','Id sed facilis commodi et soluta possimus. Perspiciatis consequatur et est laborum qui. Amet aut veniam sunt quo corrupti quibusdam. Porro cumque explicabo perspiciatis vero illum doloremque.','consequuntur','963',NULL,'2014-11-15 15:49:34','2009-12-11 17:20:19'),
('9','9','9','Iste velit soluta iste doloremque optio quaerat tenetur. Laudantium vel enim et est porro similique sed. Dolores consequatur doloribus tempore sit et voluptatem. Commodi ipsa molestias vitae vel labore. Numquam esse rerum quia consequatur sit voluptas qui.','id','109811541',NULL,'1996-04-04 17:42:07','1978-05-21 08:11:56'),
('10','10','10','Soluta officia nam accusamus ut. Cupiditate ut eum deserunt at. Nam vero pariatur maiores excepturi aliquid illo. Voluptatem temporibus in temporibus blanditiis et cum laborum reiciendis.','neque','0',NULL,'1987-08-28 09:03:50','2019-05-06 11:57:08'),
('11','1','11','Laboriosam aut doloribus temporibus aut fugit necessitatibus animi. Modi necessitatibus neque expedita ea et officia corporis. Ad fuga sed earum rerum quibusdam sit. Voluptatem soluta qui a libero.','voluptatem','96',NULL,'2003-08-28 04:25:31','2007-02-13 19:19:06'),
('12','2','12','Dolores porro possimus sed iusto iusto. Nisi nostrum quod et ut. Ea aut inventore corporis earum eos repellendus. Dolor non qui molestiae explicabo.','id','8029',NULL,'1977-01-17 12:09:39','1991-10-14 03:21:34'),
('13','3','13','Aut adipisci quidem debitis recusandae autem. Harum ratione ut reiciendis ea. Facilis quod est voluptas qui et aliquam.','veniam','67',NULL,'2013-02-12 09:54:05','1996-06-27 09:49:07'),
('14','4','14','Velit alias iure impedit. Fuga harum et odio aspernatur aut maxime ut amet. Omnis aut voluptatem nobis alias. Sequi sunt culpa sed tempora quia officiis.','vel','886924',NULL,'1970-11-22 08:36:26','2010-02-11 04:22:30'),
('15','5','15','Rerum autem dolor beatae et aperiam similique consectetur. Molestias ut sapiente eos natus. Repellat aliquid quisquam ut qui at.','corporis','3',NULL,'1999-11-18 08:01:24','1989-05-20 06:54:20'),
('16','6','16','Ut recusandae nulla esse magnam et non accusamus. Est consequatur ex eligendi iste dolor est. At repellat alias sapiente quisquam. Necessitatibus quidem autem voluptatem nihil ut voluptatem mollitia.','aspernatur','429',NULL,'2005-03-14 12:49:30','1998-09-17 13:34:05'),
('17','7','17','In voluptatem ipsum quo non laboriosam at quam ea. Ut nulla rem beatae. Magni animi veniam eos iste. Eius expedita quisquam ut quos.','vel','7',NULL,'2008-11-18 18:35:02','1990-09-25 17:30:56'),
('18','8','18','In vel eius perferendis quibusdam autem. Alias repellendus corrupti quaerat qui illo dolorem maiores quia. Porro qui omnis modi odio. Nam inventore reiciendis facilis ipsam ut nulla voluptas enim.','et','292943757',NULL,'2003-01-07 05:24:58','1977-06-25 08:20:09'),
('19','9','19','Quisquam eveniet aliquid consectetur saepe autem excepturi consequatur. Laborum voluptatem tempore sed modi quibusdam. Perspiciatis esse nihil necessitatibus rerum ut est.','ad','0',NULL,'2000-01-12 22:32:34','2016-07-03 17:58:21'),
('20','10','20','Voluptate omnis eius cumque qui molestiae nisi eos. Officiis illo dolor quam consequatur a exercitationem veniam.','voluptas','54',NULL,'1999-03-12 21:47:22','2006-03-26 06:26:31'),
('21','1','21','Esse nisi ea in a. Repellat dolore non dolorum magni et. Dolor placeat quo neque qui tempora.','totam','0',NULL,'1977-03-24 17:07:58','2014-07-21 02:45:36'),
('22','2','22','Vel harum et illum molestias tenetur. Fugiat eligendi qui eos molestiae facere. Alias vitae dolores maxime molestias expedita. Facere in aliquid non est laboriosam.','aut','0',NULL,'2004-03-02 09:02:58','2015-08-17 23:31:48'),
('23','3','23','Maiores esse quo magni dignissimos sed sunt et. Fugit dolor quos expedita vel nemo consequatur quis.','rerum','533196',NULL,'1992-10-17 23:20:45','1982-05-30 13:21:34'),
('24','4','24','Id ea eligendi corporis odio maxime. Est ut enim deserunt blanditiis. Facilis perferendis amet facere facilis quisquam atque nisi. Ad fugiat tenetur ut exercitationem quae esse.','aut','341990621',NULL,'1989-05-10 22:31:20','2011-02-03 18:08:33'),
('25','5','25','Tempore fuga aut architecto nemo quibusdam. Aut consequuntur omnis assumenda molestiae sunt hic. Excepturi voluptatibus consequuntur quia repellendus id.','rerum','56836',NULL,'1990-10-03 16:57:56','1971-07-18 19:56:15'),
('26','6','26','Ipsum molestiae dolores nihil aliquam sint autem et. Consequatur beatae sed incidunt molestiae sed ut. Sed est dolores recusandae error a non.','quis','64',NULL,'1970-07-09 14:05:00','1978-03-31 22:27:15'),
('27','7','27','Illo praesentium possimus dolor non dolores. Ipsa et vel ea ut sit est. Est eum a ea eligendi est consequatur et consequatur.','et','9823',NULL,'1996-12-11 04:28:17','1985-01-08 07:45:23'),
('28','8','28','Suscipit perspiciatis porro iusto architecto. Assumenda vel provident dolorem omnis.','quia','594',NULL,'1971-02-18 13:18:09','1999-03-27 20:01:11'),
('29','9','29','Rerum sapiente perspiciatis at consequatur quia reprehenderit. Recusandae dolores sint labore placeat fugiat officiis placeat.','illum','38',NULL,'1986-12-31 06:11:10','1972-02-10 03:36:19'),
('30','10','30','Natus architecto iusto autem nobis autem. Deleniti et similique numquam similique ut consequatur qui sed. Reprehenderit dolorum qui ut non. Sit libero est pariatur et ut sit modi.','est','1759',NULL,'2014-06-26 04:41:12','1971-03-18 15:33:23'),
('31','1','31','Cum dolores earum aperiam atque. Inventore ipsa reprehenderit nobis. Temporibus ex soluta delectus sit consequatur.','enim','8544872',NULL,'2005-05-01 05:09:42','1985-03-15 16:48:05'),
('32','2','32','Alias voluptatem ut consequatur non et. Numquam officiis tempore dolorem ut facere. Consequatur nihil officia est occaecati. Voluptatem a qui hic iure eaque dolorem laudantium animi.','dolorum','2992',NULL,'2012-05-31 19:31:17','2016-05-24 22:07:14'),
('33','3','33','Laboriosam est et culpa et ut. Est modi consequatur ut laborum ea. Ullam ullam reiciendis possimus consectetur labore est.','est','71741554',NULL,'2005-06-21 23:05:02','2004-08-13 22:17:36'),
('34','4','34','Occaecati cupiditate alias velit laboriosam nobis. Officiis suscipit odio ipsa et. Et et dicta vel fuga dolorem ipsa.','doloribus','31916',NULL,'1972-10-19 10:52:46','1982-03-13 06:37:03'),
('35','5','35','Qui perspiciatis nisi enim autem quis dolore porro molestias. Nihil quod nostrum cupiditate ducimus quasi sit ad corporis. Quae libero incidunt quisquam qui praesentium et. Provident voluptatem impedit quisquam et et error.','quas','57093680',NULL,'1993-10-24 02:31:37','1992-12-30 12:18:15'),
('36','6','36','Tempore mollitia corporis dignissimos tempora ipsam delectus iste. Nostrum similique ullam et explicabo voluptates laboriosam. Harum ipsam numquam cum fuga voluptas.','nam','672986',NULL,'1999-08-31 04:08:20','2019-08-19 06:04:54'),
('37','7','37','Iusto id quibusdam nemo consequatur temporibus deserunt. Dolores deleniti sint aut similique illo molestiae voluptatem. Nostrum voluptas sapiente consequatur dolorem neque.','quo','0',NULL,'1995-11-05 02:55:20','1999-08-03 15:53:54'),
('38','8','38','Expedita modi consequatur impedit perferendis non dignissimos quo. Maiores aut sunt deserunt quasi corporis. Quo id voluptate voluptatem ex dolorum minima in. Quia ea earum delectus rerum tempore.','impedit','193656834',NULL,'1990-09-29 04:23:17','1972-09-20 11:47:39'),
('39','9','39','Voluptate officiis saepe sint dolores. Dolores ea quia officiis ut iste commodi. Possimus nihil aut consequuntur aut quia. Repellendus velit rerum pariatur harum itaque distinctio incidunt.','nostrum','2',NULL,'2001-01-24 23:31:51','2018-11-26 02:22:18'),
('40','10','40','Veritatis sit qui et. Eos et et sed voluptas. Et illum culpa aut animi numquam consequuntur hic.','quod','85043379',NULL,'1970-02-10 08:42:02','1998-09-22 12:19:55'),
('41','1','41','Dolorum dicta similique dolorum molestiae omnis quia consequuntur. Assumenda fugiat et animi pariatur et accusantium sapiente. Quam quaerat sit inventore eligendi quo eos.','mollitia','427887',NULL,'1983-10-28 18:21:57','1991-08-30 00:19:37'),
('42','2','42','Praesentium ducimus debitis ut veniam ratione corrupti debitis. Nesciunt nisi quisquam qui magni ut et. Sunt et omnis vero suscipit. Aliquid id suscipit enim qui.','rerum','0',NULL,'2008-12-03 07:01:07','1974-12-16 01:43:05'),
('43','3','43','Aut qui excepturi praesentium est expedita. Maiores natus ut fuga totam. Enim amet iusto ullam.','aspernatur','9433',NULL,'1973-09-30 11:16:27','1971-03-25 14:23:03'),
('44','4','44','Velit temporibus perferendis eum aut. Veniam ipsum sequi et. Necessitatibus aut officiis dicta repellat.','vel','487603168',NULL,'2009-02-26 13:06:11','2009-06-07 08:42:52'),
('45','5','45','Dolores saepe consequatur tenetur eaque maxime quasi. Et similique tempora debitis. Quo soluta consequatur omnis commodi.','aut','7415',NULL,'2017-11-29 11:44:52','2019-03-30 07:06:52'),
('46','6','46','Modi nihil tempore dolores molestiae rem qui est. Quo quibusdam sit eos enim nihil. In assumenda perspiciatis ipsum quia accusamus hic odio.','aut','192',NULL,'1992-12-16 03:18:33','1987-02-20 04:28:23'),
('47','7','47','Deleniti voluptatibus earum velit ea vel. Quibusdam et dolores quaerat quis quis dolores delectus.','non','297161',NULL,'1996-10-25 23:33:41','1984-10-21 09:09:38'),
('48','8','48','Animi ut dolores saepe quia odio. Commodi ut fugiat amet ipsa dolorem. Animi sed sed aspernatur necessitatibus.','eum','95913',NULL,'1996-09-06 13:59:17','1996-12-15 03:55:11'),
('49','9','49','Quod deserunt dolorem sit labore. Dignissimos eum laboriosam ut soluta in. Harum dolores voluptatem sit ut vel velit minima. Aut nulla enim corporis ipsa. Occaecati repellat impedit esse eos quo quo quasi vitae.','debitis','54846',NULL,'2004-07-27 10:03:24','2019-04-24 11:41:43'),
('50','10','50','Consequatur beatae corporis aut sapiente. Non sed fugit ex soluta sequi. Et nobis aut et molestiae nobis voluptates. Veniam sed cum dolorum occaecati. Eum qui molestiae dolor consequatur dolorum itaque.','eveniet','66',NULL,'1981-11-11 05:04:59','2006-02-03 16:55:49'),
('51','1','51','Molestiae dolorem ea et ex id cupiditate. Eligendi accusamus non optio et error perspiciatis. Amet reprehenderit dolorem exercitationem illum praesentium consequatur.','et','448235',NULL,'1980-01-17 22:42:33','1984-08-10 10:18:48'),
('52','2','52','Molestias vel sint recusandae expedita sit. Ea perspiciatis eos et officia assumenda nam. Id ipsa minima harum cupiditate.','dolorem','5901888',NULL,'2001-01-15 01:10:30','1997-11-11 22:32:29'),
('53','3','53','Eum molestiae similique dolorem. Beatae maiores itaque dolorem.','quibusdam','37980052',NULL,'1983-07-01 11:46:26','1998-12-06 00:38:48'),
('54','4','54','Ut quis nobis hic dolorem rerum. Ut suscipit beatae debitis consequatur voluptatem dolor odit. Vel ipsa voluptas est veritatis saepe est aliquid.','tenetur','3163480',NULL,'1999-12-25 12:50:41','1999-06-15 09:27:40'),
('55','5','55','Dignissimos quo aliquam sunt dolorem adipisci eaque. Repudiandae neque qui suscipit corporis excepturi culpa iure. Ut asperiores sed accusantium tenetur nam consequatur.','quidem','2',NULL,'2019-10-07 13:47:22','2006-03-31 20:34:52'),
('56','6','56','Deleniti nemo assumenda et error. Quaerat repellat consequatur minima magni quisquam. Velit ducimus tempore rerum veniam occaecati. Recusandae aperiam itaque repellat est error.','magni','5119',NULL,'2001-05-14 14:29:16','1975-01-08 02:16:14'),
('57','7','57','Ipsa et commodi beatae sapiente minus aliquam. Accusamus quod reprehenderit sunt voluptas.','dolorem','8776',NULL,'2008-10-28 12:53:32','1994-02-23 23:46:40'),
('58','8','58','Consequatur porro nostrum quisquam et qui. Aut eligendi accusantium blanditiis occaecati adipisci. Tempora quidem asperiores placeat ut ea sunt. Vel enim et ea eius.','corporis','0',NULL,'2004-11-28 01:41:10','1972-01-13 22:35:42'),
('59','9','59','Rerum labore vero numquam qui vitae ducimus quo. Neque ut distinctio enim voluptatem itaque. At quia atque recusandae id perspiciatis voluptas corrupti.','eveniet','865066852',NULL,'1979-09-17 14:05:27','1989-10-07 17:09:29'),
('60','10','60','Non accusantium praesentium qui libero harum consequatur. Quis ex vitae est consectetur. A enim qui fugiat beatae omnis. Ipsam iusto hic eos consequatur. Sequi aut temporibus culpa molestiae corrupti a.','rem','74',NULL,'2003-05-09 20:56:03','1982-12-21 23:51:50'),
('61','1','61','Harum voluptates illum placeat nemo. Ab quia ea ea eius tempore ut. Vel modi consequatur sed fugit ab nostrum nostrum voluptatem. Quo et ipsa natus necessitatibus.','harum','3',NULL,'1983-08-17 20:03:46','1996-05-24 04:45:55'),
('62','2','62','Velit nihil vel error et beatae. Nobis quia fugit natus. Vero magnam eum id aliquam corporis. Id eaque quo quos sit sunt deserunt.','id','9',NULL,'1986-08-22 16:47:00','1998-08-21 19:51:17'),
('63','3','63','Molestiae ducimus cumque aperiam voluptates occaecati exercitationem. Beatae sed suscipit iure unde possimus vel. Occaecati et consectetur aut aut. Dolores natus perferendis rerum non et inventore.','ut','668',NULL,'1991-06-08 09:08:37','2007-01-25 22:47:28'),
('64','4','64','Quis harum nesciunt iste et dolor cum nam. Quas ut aliquam laudantium maiores nobis. Nemo et iure sit maiores explicabo. Sed est voluptas tempora sapiente molestiae sed corrupti.','quidem','4',NULL,'2010-02-02 21:51:50','1975-06-06 12:45:52'),
('65','5','65','Ipsum reprehenderit sint explicabo dignissimos. Dolorum praesentium eos laboriosam dolore eos provident non. Repudiandae atque omnis molestiae voluptatem.','quasi','0',NULL,'2014-10-03 18:26:12','1989-11-24 11:23:34'),
('66','6','66','A adipisci sunt dolore fuga eos. Consequatur velit odio voluptate deserunt voluptas ipsam beatae. Et vitae corrupti eaque quasi eius voluptas in. Aut maxime atque in est hic.','quibusdam','6630',NULL,'1982-11-01 19:34:26','1985-08-19 04:51:27'),
('67','7','67','Quae repellendus assumenda vitae. Eius quis ipsum consequuntur nihil vel odio voluptatem. Repellat eum sunt sed fugit minima quam libero consequatur.','debitis','4310622',NULL,'1983-02-14 00:19:39','1976-06-10 13:11:59'),
('68','8','68','Repudiandae minus explicabo aut et hic. Est non commodi placeat occaecati quo ea in. Quasi voluptas qui alias blanditiis.','eos','420525044',NULL,'2015-11-15 09:58:14','2007-06-20 20:35:18'),
('69','9','69','Possimus quis repellat laboriosam iste quisquam omnis aliquam. Blanditiis voluptate tempore quia earum et quia mollitia debitis. Cupiditate quia veniam recusandae et earum nesciunt est. Sit quo ratione quo blanditiis.','vero','806',NULL,'2010-03-01 23:49:33','1995-04-08 02:24:47'),
('70','10','70','Eum quas natus est est laborum doloribus est omnis. Blanditiis ab voluptas illo necessitatibus in sapiente. Voluptatum exercitationem aut omnis ad eveniet. Et labore cumque ea quo omnis maiores consequatur et.','in','77895',NULL,'2019-08-12 16:50:08','1998-09-03 04:59:37'),
('71','1','71','Ut est labore vero porro minima non sint. Autem magni facere vel eveniet. Voluptatem quia eum dolores dolores voluptas dolor nesciunt. Ratione deleniti ut adipisci repudiandae quia maiores fugiat.','similique','40',NULL,'2011-06-22 19:32:57','1973-07-06 00:00:43'),
('72','2','72','Error architecto praesentium rem molestiae aut. Sapiente dolores nam aut deleniti blanditiis. Hic laboriosam velit ut adipisci praesentium.','dolores','95',NULL,'2018-07-19 15:56:27','2017-04-26 04:51:40'),
('73','3','73','Quae delectus asperiores et repellat reiciendis fuga. Est molestiae consequatur asperiores minima saepe sed. Quibusdam ullam quod sed et.','fugit','2790531',NULL,'2007-10-16 06:57:39','2019-02-10 20:52:19'),
('74','4','74','Inventore vel natus perspiciatis id tempore voluptas qui voluptatem. Debitis quo sit quam voluptate earum. Est quae placeat eum sapiente sint pariatur.','porro','6983',NULL,'1988-01-24 20:54:28','1978-10-14 12:56:55'),
('75','5','75','Accusamus qui mollitia quo nobis aperiam omnis aliquid. Eius laborum facere dolores quo nobis eaque. Tempore voluptatem voluptatem quia aliquid non qui. Voluptas occaecati et et modi repudiandae dicta aperiam.','distinctio','530',NULL,'1976-04-29 12:07:25','1976-10-30 22:02:01'),
('76','6','76','Ut voluptate animi dolores numquam totam ex nihil. Id molestiae maxime ut ut. Enim est sequi nostrum veniam voluptatibus distinctio. Necessitatibus nulla eligendi non dolores molestiae.','vero','4',NULL,'1984-04-10 18:44:10','2012-11-21 09:46:11'),
('77','7','77','A qui officia accusantium et et. Maiores ea quos architecto omnis et veniam numquam impedit. Quos dignissimos sunt eaque. Ab laboriosam inventore aliquid.','et','7833',NULL,'1978-11-26 08:33:49','1990-01-19 09:00:16'),
('78','8','78','Eius quia ut tenetur voluptate possimus. Animi natus tempore quo odio explicabo. Qui ratione nam molestiae ut et nisi ut.','est','45',NULL,'2011-10-20 12:00:26','2012-04-26 04:29:42'),
('79','9','79','Et alias necessitatibus eos. Dolorum eos itaque a quos error voluptatem fugit. Repellat ipsam a minus doloribus reprehenderit fugiat neque. Nihil voluptates impedit commodi eaque. Nesciunt eius ut ipsa qui.','quo','0',NULL,'1979-06-28 06:43:54','1988-01-16 15:13:44'),
('80','10','80','In doloremque doloremque temporibus quia hic omnis officiis aut. Et enim hic voluptatem tenetur voluptatem sunt. Et recusandae labore cumque ducimus optio nemo.','accusamus','0',NULL,'2010-10-08 17:45:19','2004-07-05 18:00:24'),
('81','1','81','Porro ipsam nihil cum. Illum rerum temporibus cum in. Nihil rerum et iusto harum officiis dolor.','tempore','1',NULL,'2001-03-14 14:01:56','1991-04-22 02:10:56'),
('82','2','82','Quibusdam et culpa doloremque temporibus pariatur aperiam dolor non. Sed maxime qui hic dolorum similique. Ullam dolor voluptas amet quis quia consectetur. Sapiente voluptatibus numquam rerum id suscipit minima.','ipsam','6366364',NULL,'1997-09-03 04:43:59','2012-08-03 09:36:44'),
('83','3','83','Dolorem unde recusandae accusamus aliquam cum. Fuga rem est suscipit facilis unde amet nemo porro. Aut libero eveniet ex veritatis quia.','qui','99',NULL,'1989-10-28 15:32:24','2020-01-17 00:10:02'),
('84','4','84','Et quia non tempora repellendus sed. Minima sit et perferendis earum. Natus eius illum voluptate culpa eos eos id.','sunt','940',NULL,'1973-11-14 03:32:09','2000-05-12 06:28:07'),
('85','5','85','Veniam ipsum quo rerum nobis. Libero voluptatem et omnis voluptas qui autem consequatur. Aperiam culpa ut veniam delectus tempore.','distinctio','50',NULL,'2005-11-30 13:13:42','1997-08-18 14:29:11'),
('86','6','86','Voluptatum aliquid assumenda tempora corrupti. Consequatur incidunt laudantium qui in blanditiis velit.','aut','0',NULL,'2008-06-08 13:54:58','2004-11-28 15:18:10'),
('87','7','87','Sunt qui aspernatur et consectetur labore et. Molestiae reprehenderit earum eos a. Beatae rem ducimus sapiente molestiae. Ut sint quibusdam inventore quaerat quia dignissimos quibusdam ut. Nihil ipsam eveniet veritatis possimus.','fuga','29',NULL,'2006-01-26 09:03:49','1992-11-05 15:41:00'),
('88','8','88','Autem blanditiis odit error rerum reiciendis. Qui itaque quos nemo necessitatibus alias. Magnam voluptates sed optio dolores voluptas consequatur.','alias','22859233',NULL,'2019-04-30 09:18:48','1979-10-01 04:53:30'),
('89','9','89','Eligendi quisquam officiis veniam itaque consectetur nulla et excepturi. Veritatis illum eos ullam eum eum. Eaque commodi sit accusantium. Qui ex tempora consequatur possimus.','sapiente','949970226',NULL,'2005-02-10 05:03:52','1982-12-08 05:02:10'),
('90','10','90','Esse a ab quas aut omnis nisi nemo. Rerum iure qui aut id. Nostrum consequatur molestiae quo voluptatum. Dicta nihil labore et perferendis aut odio.','ut','85940901',NULL,'1977-10-12 20:31:20','2011-11-22 14:18:15'),
('91','1','91','Doloribus rerum ipsa amet ut voluptas in. Dolor dolorem et non commodi non non porro. Nam earum sit nisi qui non commodi. Perferendis quia omnis asperiores excepturi.','quis','237127356',NULL,'2004-12-08 06:25:17','2012-05-20 13:09:13'),
('92','2','92','Blanditiis odit corrupti qui culpa nulla assumenda error deserunt. Neque veritatis quaerat nihil harum animi repellat rerum. Assumenda dolor quas quam occaecati iure iusto. Voluptatem veniam earum amet id.','repellat','862919',NULL,'1994-10-28 04:01:31','1987-09-13 09:14:33'),
('93','3','93','Dolor dolorum provident quam laudantium sed. Et optio est incidunt totam voluptatum mollitia. Cum voluptatibus pariatur officiis nihil.','consequatur','3',NULL,'1986-06-11 17:48:10','1984-12-02 20:22:20'),
('94','4','94','Et aspernatur blanditiis quia odio non quo. Commodi quisquam doloremque aut. Fugiat nobis ea qui.','voluptatem','53007328',NULL,'2016-07-24 14:23:29','1974-07-03 03:47:25'),
('95','5','95','Amet itaque ea aliquam tempora quasi libero. Perferendis corrupti id consequatur consectetur excepturi.','non','91717318',NULL,'2012-03-02 11:01:36','2003-12-25 23:56:50'),
('96','6','96','Repudiandae tenetur voluptatem ducimus eos. Natus pariatur mollitia qui. Eum cupiditate placeat error laborum.','error','1881312',NULL,'2014-12-31 12:05:01','1995-01-17 15:31:23'),
('97','7','97','Ut asperiores rerum delectus possimus assumenda voluptas. Natus unde molestias molestiae pariatur quia et.','et','8847612',NULL,'1988-10-31 18:28:09','2017-08-25 02:26:09'),
('98','8','98','Qui illum amet vel voluptatibus. Quasi laborum reprehenderit cum et. Ratione neque consectetur ipsam ut voluptatum dignissimos recusandae. Dicta voluptates amet qui qui eum voluptas voluptatem.','eligendi','0',NULL,'1994-11-07 01:42:47','2012-12-17 18:46:06'),
('99','9','99','Consequatur ea deleniti corrupti voluptate ipsam est enim. Eius totam dicta ipsa ad rerum. Molestias accusamus quae fugiat doloribus.','at','0',NULL,'2004-12-29 20:52:50','1989-10-20 05:47:45'),
('100','10','100','Provident qui inventore temporibus adipisci eius libero sit placeat. Illum itaque dolor nesciunt nobis similique qui distinctio voluptatum. Delectus voluptatibus ratione quod.','quo','80583085',NULL,'2016-10-18 06:05:40','2011-04-05 22:43:19'); 



DROP TABLE IF EXISTS likes;

CREATE TABLE likes( id SERIAL PRIMARY KEY,
user_id BIGINT UNSIGNED NOT NULL,
media_id BIGINT UNSIGNED NOT NULL,
created_at DATETIME DEFAULT NOW() );

INSERT INTO `likes` VALUES ('1','1','1','2010-09-20 14:30:09'),
('2','2','2','2012-02-19 00:46:56'),
('3','3','3','2000-05-10 02:00:07'),
('4','4','4','1980-05-24 04:30:07'),
('5','5','5','1995-01-18 07:44:55'),
('6','6','6','1987-10-07 13:38:06'),
('7','7','7','1977-05-25 07:50:59'),
('8','8','8','2014-07-05 01:19:56'),
('9','9','9','1999-01-31 21:29:29'),
('10','10','10','2018-02-15 13:14:06'),
('11','11','11','1979-02-24 17:42:57'),
('12','12','12','2015-11-05 19:36:59'),
('13','13','13','1984-12-13 13:00:28'),
('14','14','14','1997-04-20 12:22:14'),
('15','15','15','1984-05-19 08:19:42'),
('16','16','16','2016-05-27 21:23:32'),
('17','17','17','1981-11-12 05:20:07'),
('18','18','18','2014-10-11 05:30:16'),
('19','19','19','1986-11-21 20:06:00'),
('20','20','20','2016-11-11 14:02:23'),
('21','21','21','1978-03-20 17:32:03'),
('22','22','22','1975-11-30 19:52:16'),
('23','23','23','2015-02-06 13:09:13'),
('24','24','24','2017-03-20 02:33:30'),
('25','25','25','1971-11-23 12:05:33'),
('26','26','26','1976-01-05 07:59:44'),
('27','27','27','2014-02-14 11:52:40'),
('28','28','28','1983-08-30 01:37:03'),
('29','29','29','1989-10-28 05:41:32'),
('30','30','30','2016-02-02 15:23:35'),
('31','31','31','2013-02-05 18:16:22'),
('32','32','32','1972-09-29 00:28:31'),
('33','33','33','2007-04-04 21:05:47'),
('34','34','34','2016-09-09 05:14:56'),
('35','35','35','1979-03-16 12:11:56'),
('36','36','36','2007-12-28 02:39:10'),
('37','37','37','1984-11-22 03:18:18'),
('38','38','38','2001-06-22 05:59:26'),
('39','39','39','2000-08-15 16:43:34'),
('40','40','40','2011-12-17 13:52:10'),
('41','41','41','1990-08-16 00:44:20'),
('42','42','42','2008-01-11 20:22:20'),
('43','43','43','2017-12-27 20:53:17'),
('44','44','44','2003-01-11 05:33:20'),
('45','45','45','1976-01-04 04:15:27'),
('46','46','46','1994-07-02 08:38:19'),
('47','47','47','1995-10-24 12:34:54'),
('48','48','48','2018-11-15 06:55:43'),
('49','49','49','1989-12-27 13:56:10'),
('50','50','50','2001-04-04 01:06:39'),
('51','51','51','1994-06-16 20:31:59'),
('52','52','52','2010-07-03 12:27:12'),
('53','53','53','1970-03-01 19:29:53'),
('54','54','54','2005-02-20 17:40:35'),
('55','55','55','2010-01-17 00:45:57'),
('56','56','56','2015-09-22 00:31:34'),
('57','57','57','2010-10-27 06:05:11'),
('58','58','58','2010-10-27 20:39:48'),
('59','59','59','2004-01-30 14:49:55'),
('60','60','60','1977-04-29 01:05:08'),
('61','61','61','1998-09-15 09:28:59'),
('62','62','62','2009-10-04 20:07:12'),
('63','63','63','1982-05-04 00:05:28'),
('64','64','64','1979-08-16 19:31:00'),
('65','65','65','1981-02-13 21:26:06'),
('66','66','66','2009-10-17 16:24:40'),
('67','67','67','2003-11-12 02:12:45'),
('68','68','68','2015-06-01 11:41:31'),
('69','69','69','2006-11-21 22:43:30'),
('70','70','70','1975-04-18 13:49:21'),
('71','71','71','2011-11-03 18:46:41'),
('72','72','72','2003-01-08 10:02:42'),
('73','73','73','2016-11-17 11:28:01'),
('74','74','74','2008-09-19 18:55:38'),
('75','75','75','1999-09-24 15:32:26'),
('76','76','76','2013-03-05 22:27:54'),
('77','77','77','2012-02-23 00:29:28'),
('78','78','78','1980-06-21 09:54:20'),
('79','79','79','2012-09-27 15:39:08'),
('80','80','80','1980-01-18 19:26:39'),
('81','81','81','2001-09-07 12:57:38'),
('82','82','82','2015-03-08 21:01:43'),
('83','83','83','1971-03-01 12:52:00'),
('84','84','84','2012-04-13 05:15:07'),
('85','85','85','1983-05-06 02:17:59'),
('86','86','86','1976-05-08 13:52:54'),
('87','87','87','1985-06-10 17:19:08'),
('88','88','88','1997-10-09 19:27:32'),
('89','89','89','1999-10-04 02:32:00'),
('90','90','90','1995-05-26 06:56:59'),
('91','91','91','1992-05-14 14:29:04'),
('92','92','92','1977-08-31 04:32:37'),
('93','93','93','1997-06-22 11:08:00'),
('94','94','94','1989-06-06 16:20:04'),
('95','95','95','1988-06-11 22:11:19'),
('96','96','96','2013-09-05 00:28:04'),
('97','97','97','2016-12-19 11:58:18'),
('98','98','98','2014-01-16 22:15:20'),
('99','99','99','2003-06-14 01:15:38'),
('100','100','100','1976-12-14 22:58:42'); 



DROP TABLE IF EXISTS `photo_albums`;

CREATE TABLE `photo_albums` ( `id` SERIAL,
`name` varchar(255) DEFAULT NULL,
`user_id` BIGINT UNSIGNED DEFAULT NULL,
FOREIGN KEY (user_id) REFERENCES users(id),
PRIMARY KEY (`id`) );



INSERT INTO `photo_albums` VALUES ('1','aut','1'),
('2','beatae','2'),
('3','magnam','3'),
('4','iste','4'),
('5','assumenda','5'),
('6','et','6'),
('7','quod','7'),
('8','numquam','8'),
('9','molestiae','9'),
('10','nisi','10'); 


DROP TABLE IF EXISTS `photos`;

CREATE TABLE `photos` ( id SERIAL PRIMARY KEY,
`album_id` BIGINT unsigned NOT NULL,
`media_id` BIGINT unsigned NOT NULL,
FOREIGN KEY (album_id) REFERENCES photo_albums(id),
FOREIGN KEY (media_id) REFERENCES media(id) );


INSERT INTO `photos` VALUES ('1','1','1'),
('2','2','2'),
('3','3','3'),
('4','4','4'),
('5','5','5'),
('6','6','6'),
('7','7','7'),
('8','8','8'),
('9','9','9'),
('10','10','10'),
('11','1','11'),
('12','2','12'),
('13','3','13'),
('14','4','14'),
('15','5','15'),
('16','6','16'),
('17','7','17'),
('18','8','18'),
('19','9','19'),
('20','10','20'),
('21','1','21'),
('22','2','22'),
('23','3','23'),
('24','4','24'),
('25','5','25'),
('26','6','26'),
('27','7','27'),
('28','8','28'),
('29','9','29'),
('30','10','30'),
('31','1','31'),
('32','2','32'),
('33','3','33'),
('34','4','34'),
('35','5','35'),
('36','6','36'),
('37','7','37'),
('38','8','38'),
('39','9','39'),
('40','10','40'),
('41','1','41'),
('42','2','42'),
('43','3','43'),
('44','4','44'),
('45','5','45'),
('46','6','46'),
('47','7','47'),
('48','8','48'),
('49','9','49'),
('50','10','50'),
('51','1','51'),
('52','2','52'),
('53','3','53'),
('54','4','54'),
('55','5','55'),
('56','6','56'),
('57','7','57'),
('58','8','58'),
('59','9','59'),
('60','10','60'),
('61','1','61'),
('62','2','62'),
('63','3','63'),
('64','4','64'),
('65','5','65'),
('66','6','66'),
('67','7','67'),
('68','8','68'),
('69','9','69'),
('70','10','70'),
('71','1','71'),
('72','2','72'),
('73','3','73'),
('74','4','74'),
('75','5','75'),
('76','6','76'),
('77','7','77'),
('78','8','78'),
('79','9','79'),
('80','10','80'),
('81','1','81'),
('82','2','82'),
('83','3','83'),
('84','4','84'),
('85','5','85'),
('86','6','86'),
('87','7','87'),
('88','8','88'),
('89','9','89'),
('90','10','90'),
('91','1','91'),
('92','2','92'),
('93','3','93'),
('94','4','94'),
('95','5','95'),
('96','6','96'),
('97','7','97'),
('98','8','98'),
('99','9','99'),
('100','10','100'); 




-- Написать крипт, добавляющий в БД vk, которую создали на занятии, 3 новые таблицы (с перечнем полей, указанием индексов и внешних ключей)

DROP TABLE IF EXISTS `black_list`;
CREATE TABLE `black_list` ( 
`id` SERIAL PRIMARY KEY,
`name` varchar(50) DEFAULT NULL,
`user_id` bigint UNSIGNED DEFAULT NULL,
FOREIGN KEY (`user_id`) REFERENCES `users` (`id`) 
);

INSERT INTO `black_list` VALUES ('1','aperiam','1'),
('2','aut','2'),
('3','eum','3'),
('4','molestiae','4'),
('5','sit','5'),
('6','et','6'),
('7','tempora','7'),
('8','quos','8'),
('9','voluptas','9'),
('10','culpa','10'); 


DROP TABLE IF EXISTS `music_albums`; -- музыкальный альбом
CREATE TABLE `music_albums`(
`album_id` SERIAL PRIMARY KEY,
`album_name` varchar(50) NOT NULL DEFAULT 'album No name'
);

INSERT INTO `music_albums` VALUES ('1','eum'),
('2','sed'),
('3','qui'),
('4','eaque'),
('5','voluptate'),
('6','reiciendis'),
('7','cupiditate'),
('8','blanditiis'),
('9','aut'),
('10','sed'),
('11','beatae'),
('12','iste'),
('13','at'),
('14','reprehenderit'),
('15','placeat'),
('16','consectetur'),
('17','accusantium'),
('18','distinctio'),
('19','laboriosam'),
('20','iure'),
('21','beatae'),
('22','quis'),
('23','neque'),
('24','suscipit'),
('25','unde'),
('26','et'),
('27','dolorem'),
('28','itaque'),
('29','cupiditate'),
('30','ut'),
('31','voluptates'),
('32','ea'),
('33','numquam'),
('34','sed'),
('35','vero'),
('36','ut'),
('37','nostrum'),
('38','suscipit'),
('39','eius'),
('40','architecto'),
('41','provident'),
('42','corporis'),
('43','praesentium'),
('44','voluptate'),
('45','quia'),
('46','repellendus'),
('47','dolorum'),
('48','ipsa'),
('49','itaque'),
('50','doloribus'),
('51','aspernatur'),
('52','ab'),
('53','et'),
('54','repellendus'),
('55','voluptatem'),
('56','maxime'),
('57','quo'),
('58','qui'),
('59','necessitatibus'),
('60','asperiores'),
('61','inventore'),
('62','reiciendis'),
('63','mollitia'),
('64','dicta'),
('65','ex'),
('66','voluptatem'),
('67','voluptatem'),
('68','autem'),
('69','numquam'),
('70','quia'),
('71','quod'),
('72','nihil'),
('73','dolor'),
('74','aut'),
('75','et'),
('76','molestiae'),
('77','doloribus'),
('78','velit'),
('79','sequi'),
('80','ut'),
('81','magnam'),
('82','ut'),
('83','alias'),
('84','modi'),
('85','optio'),
('86','perspiciatis'),
('87','et'),
('88','consequatur'),
('89','adipisci'),
('90','pariatur'),
('91','aperiam'),
('92','voluptatem'),
('93','similique'),
('94','iste'),
('95','sit'),
('96','non'),
('97','voluptatem'),
('98','delectus'),
('99','nam'),
('100','adipisci'); 


DROP TABLE IF EXISTS `music_tracks`; -- песни
CREATE TABLE `music_tracks` (
  `track_id` SERIAL PRIMARY KEY,
  `track_name` varchar(50) NOT NULL DEFAULT 'track No name', -- название песни
  `executor` varchar(50) NOT NULL, -- исполнитель
  `playing_time` time NOT NULL, -- время звучания
  `album_name` varchar(50) NOT NULL, 
  `genre` varchar(50) NOT NULL, -- жанр

  INDEX (`track_name`),
  INDEX (`executor`),
  FOREIGN KEY (`track_id`) REFERENCES `music_albums` (`album_id`)
);



INSERT INTO `music_tracks` VALUES ('1','at','Grover','11:20:43','voluptatem','wkjc'),
('2','ratione','Mackenzie','17:04:34','iure','zuws'),
('3','eaque','Shawn','06:27:41','eos','rgls'),
('4','illo','Maybelle','11:07:12','nulla','yfur'),
('5','et','Jarrod','18:13:54','numquam','caeu'),
('6','a','Wilson','13:34:06','non','zime'),
('7','et','Lorena','17:51:21','asperiores','yiep'),
('8','harum','Brannon','14:22:49','quo','bgbb'),
('9','neque','Joel','22:37:53','sit','hidd'),
('10','quidem','Burnice','16:17:38','voluptatem','gkpx'),
('11','expedita','Casimer','12:52:28','quae','zqxw'),
('12','ut','Tomasa','22:15:19','qui','enan'),
('13','natus','Llewellyn','23:16:12','nihil','nppk'),
('14','nostrum','Candace','07:36:11','quasi','ioca'),
('15','dolores','Lilly','17:09:37','iusto','gsmf'),
('16','iure','Morris','21:04:28','ut','sgzr'),
('17','ducimus','Maxwell','05:59:22','dolores','mxro'),
('18','consequatur','Lacy','23:07:13','sed','trgi'),
('19','assumenda','Donna','04:33:19','porro','zkct'),
('20','explicabo','Turner','03:19:21','odit','pmod'),
('21','est','Charity','07:39:22','quae','rkvr'),
('22','ut','Tina','18:44:00','quo','hwfp'),
('23','earum','Rubie','11:13:23','laudantium','otit'),
('24','quisquam','Jayson','14:09:03','nulla','mbyk'),
('25','laudantium','Laurianne','20:39:45','excepturi','grgd'),
('26','porro','Juliet','23:57:31','quisquam','oxqs'),
('27','vel','Caleigh','00:34:25','non','yrgt'),
('28','aut','Rubye','03:44:05','illo','bzrj'),
('29','non','Angela','20:09:54','dolore','cgpe'),
('30','earum','Jodie','12:15:38','dolore','maya'),
('31','consequuntur','Vincenzo','00:32:58','omnis','lvja'),
('32','numquam','Kaylee','17:29:15','error','pmrf'),
('33','inventore','Lemuel','02:46:06','aperiam','jsil'),
('34','quis','Earnestine','05:15:29','quia','bxaz'),
('35','aliquam','Margarette','17:22:42','voluptatem','nzit'),
('36','corrupti','Dustin','18:26:08','dolorem','dnob'),
('37','maxime','Jorge','06:46:54','sed','wijc'),
('38','molestias','Treva','16:43:29','eum','csme'),
('39','ducimus','Paula','12:01:26','praesentium','zqbm'),
('40','totam','Bessie','17:12:08','quasi','nwen'),
('41','qui','Jaqueline','13:50:29','corporis','zscs'),
('42','laborum','George','20:41:28','consequatur','eiar'),
('43','officiis','Cierra','22:41:14','dicta','jzca'),
('44','et','Edythe','08:50:11','omnis','gtxl'),
('45','delectus','Price','17:10:37','dignissimos','ydjs'),
('46','sit','Urban','21:26:02','optio','ceyq'),
('47','voluptates','Helen','05:36:37','quisquam','crls'),
('48','ut','Katherine','01:11:40','velit','alpw'),
('49','incidunt','Ashley','16:58:24','ratione','xfva'),
('50','eveniet','Bobbie','16:25:21','mollitia','qpdn'),
('51','et','Shaylee','13:42:39','fuga','wror'),
('52','explicabo','Eloise','14:16:20','tempore','tgpf'),
('53','consectetur','Emanuel','10:14:49','officia','mwng'),
('54','repellendus','Deshaun','11:21:28','fugiat','sarr'),
('55','est','Hermann','10:27:07','ipsam','vrob'),
('56','ad','Dayton','12:28:05','est','bgzk'),
('57','eveniet','Jarrett','13:33:34','veniam','pxry'),
('58','non','Melyna','22:32:37','ut','pcbu'),
('59','magnam','Hermann','13:14:05','quo','zkwv'),
('60','aliquid','Chandler','01:00:23','assumenda','lgqc'),
('61','et','Jarod','09:09:30','ratione','tsng'),
('62','aut','Berta','01:10:21','neque','psku'),
('63','libero','Maddison','06:00:42','qui','qrsb'),
('64','a','Noemy','07:15:45','adipisci','ufwr'),
('65','qui','Orval','20:31:09','accusamus','bcrc'),
('66','repellat','Savanna','15:56:05','fugiat','ghcl'),
('67','ut','Anabel','08:49:38','eos','mijn'),
('68','at','Jean','06:50:19','autem','dlvt'),
('69','repellat','Meaghan','06:05:31','alias','glxa'),
('70','officiis','Nia','14:59:42','numquam','fuyi'),
('71','voluptas','Nya','11:26:52','sit','lbsz'),
('72','sunt','Ivy','17:30:01','totam','diaz'),
('73','rerum','Bennie','18:46:50','a','zxck'),
('74','cum','Joy','06:03:27','excepturi','espd'),
('75','sit','Kali','06:45:11','placeat','ncrw'),
('76','voluptatum','Vivien','00:25:13','alias','wfcc'),
('77','officia','Orlo','19:42:06','placeat','fswf'),
('78','delectus','Deondre','17:32:50','placeat','tokl'),
('79','quia','Faye','19:52:18','voluptatum','frxo'),
('80','aut','Rogers','12:10:33','totam','opmi'),
('81','qui','Mina','14:38:12','et','lcfe'),
('82','voluptatibus','Terence','15:51:13','praesentium','mwbq'),
('83','aut','Bessie','07:55:33','sed','jleo'),
('84','quasi','Freddie','14:46:55','corrupti','tqgq'),
('85','et','Ellsworth','18:25:52','vero','mkth'),
('86','maiores','Mariane','20:49:43','perspiciatis','hmiy'),
('87','alias','Neva','04:34:52','natus','sibd'),
('88','eveniet','Ebba','05:07:06','repellendus','tmsf'),
('89','et','Robb','07:05:26','voluptatem','icsv'),
('90','molestias','Liza','02:31:07','quaerat','zgke'),
('91','cum','Bart','23:53:56','eos','lrfx'),
('92','culpa','Hillary','08:03:36','ut','ictj'),
('93','vel','Annabelle','02:36:06','quia','lfmt'),
('94','ea','Reanna','07:03:00','voluptas','nfzj'),
('95','quo','Wilton','23:30:20','minus','vday'),
('96','officiis','Golda','00:26:52','ex','mnrh'),
('97','laborum','Eda','21:05:50','et','fakd'),
('98','rerum','Savanna','16:14:16','eligendi','cklp'),
('99','et','Al','15:30:54','et','gaxu'),
('100','quia','Marshall','20:25:55','repellendus','clim'); 

/* ii. Написать скрипт, возвращающий список имен (только firstname) пользователей без повторений в алфавитном порядке */

SELECT DISTINCT firstname FROM users ORDER BY firstname;


/* iii. Написать скрипт, отмечающий несовершеннолетних пользователей как неактивных (поле is_active = false). 
 Предварительно добавить такое поле в таблицу profiles со значением по умолчанию = true (или 1) */

-- ALTER TABLE vk.profiles ADD `is_active` bool NOT NULL DEFAULT TRUE;
-- UPDATE vk.profiles set is_active = FALSE WHERE birthday > '2004.01.01';


/* iv. Написать скрипт, удаляющий сообщения «из будущего» (дата позже сегодняшней) */
INSERT INTO messages (from_user_id, to_user_id, body, created_at) values
('1','3','Quod dicta omnis placeat id et officiis et. Beatae enim aut aliquid neque occaecati odit. Facere eum distinctio assumenda omnis est delectus magnam.','2085-11-25 16:56:25'),
('1','50','Voluptas omnis enim quia porro debitis facilis eaque ut. Id inventore non corrupti doloremque consequuntur. Molestiae molestiae deleniti exercitationem sunt qui ea accusamus deserunt.','2099-09-19 04:35:46');
DELETE FROM messages WHERE created_at > '2020-02-10 23:59:59';


/* v. Написать название темы курсового проекта (в комментарии) 
			Online store database
*/
